{
  "preset": "ts-jest",
  "testEnvironment": "node",
  "transformIgnorePatterns": ["node_modules/(?!variables/.*)"],
  "moduleNameMapper": {
    "@src/(.*)": ["<rootDir>/src/$1"],
    "@application/(.*)": ["<rootDir>/src/application/$1"],
    "@infrastructure/(.*)": ["<rootDir>/src/infrastructure/$1"],
    "@presentation/(.*)": ["<rootDir>/src/presentation/$1"],
    "@domain/(.*)": ["<rootDir>/src/domain/$1"]
  },
  "moduleFileExtensions": ["js", "json", "ts"],
  "rootDir": "./",
  "testRegex": ".*\\.spec\\.ts$",
  "transform": {
    "^.+\\.(t|j)s$": "ts-jest"
  },
  "collectCoverageFrom": ["**/*.(t|j)s"],
  "coverageDirectory": "../coverage"
}
