[
  {
    "employeeName": "Donnie Wolf",
    "country": "india",
    "employeeCode": "255555",
    "startDate": "2023-06-12T08:42:12.338Z",
    "endDate": "",
    "companyRole": "tester",
    "companyRoleLevel": "intern",
    "managedBy": "115070"
  },
  {
    "employeeName": "Myrtle Hansen",
    "country": "india",
    "employeeCode": "271598",
    "startDate": "2023-05-14T17:24:36.898Z",
    "endDate": "",
    "companyRole": "developer",
    "companyRoleLevel": "intern",
    "managedBy": "115070"
  }
]
