[
  {
    "employeeName": "Donnie Wolf",
    "country": "india",
    "employeeCode": 255555,
    "startDate": "2023-06-12T08:42:12.338Z",
    "endDate": null,
    "companyRole": "tester",
    "companyRoleLevel": "intern",
    "managedBy": 115070
  },
  {
    "employeeName": "Myrtle Hansen",
    "country": "india",
    "employeeCode": 271598,
    "startDate": "2023-05-14T17:24:36.898Z",
    "endDate": null,
    "companyRole": "developer",
    "companyRoleLevel": "intern",
    "managedBy": 115070
  }
]
